seq,x,y
0,47.6414678,-122.1401649
1,47.6414389,-122.1416616
2,47.6424654,-122.1431637